,,,,,,,,,,,
,Комбикорм,,,,,,,,,,
,Зерно,,,,,,,,,,
,Зоотовары,,,,,,,,,,
,Инкубатор,,,,,,,,,,
,Клетки,,,,,,,,,,
,Поилки,,,,,,,,,,
,Рассада,,,,,,,,,,
,Животные,,,,,,,,,,
,Производство,,,,,,,,,,
,Средства защиты,,,,,,,,,,
,,,,,,,,,,,
,В продажее поивились фейерверги,,,,,,,,,,
,Елки,,,,,,,,,,
,Гирлянды,,,,,,,,,,
, ,,,,,,,,,,
,,,,,,,,,,,
,Прайс-лист,,,,,,,,,,
,17 Мая 2016 г.,,,,,,,,,,
,,,,,,,,,,,
,Наименование товаров,Роничные,,,,,,,,,
,,(включая НДС и НП),,,Куры,Гуси утки,Перепела,Индейка,Свинья,"Крупно рогатый скот, козы овцы","Кролики,нутрии"
,Гирлянды,,,1,,,,,,,
,Гирлянды Светодиодные 160л.,450.00 руб,шт,1,,,,,,,
,Гирлянды Светодиодные 40л. с фигурками,500.00 руб,шт,1,,,,,,,
,Е2003 100л. простая 7м.,338.00 руб,шт,1,,,,,,,
,"Е2019 100 ламп, цветные лампы",405.00 руб,шт,1,,,,,,,
,"Е2065 Сосулька 200л. 2,7м.",408.00 руб,шт,1,,,,,,,
,"Е2100 Сетка 100л. елка 1,2х1,2",615.00 руб,шт,1,,,,,,,
,Е2105 Сетка 320 ламп цетная бегущая,"1,400.00 руб",шт,1,,,,,,,
,"Е50539  рис.Снежинка 25мм, 100 ламп, цветная.5,2 м+1,5м",605.00 руб,шт,1,,,,,,,
,Дерево,,,0,,,,,,,
,Кормушка №1,"1,800.00 руб",шт,0,,,,,,,
,Кормушка №2,"2,250.00 руб",шт,0,,,,,,,
,Кормушка для синиц,"1,500.00 руб",шт,0,,,,,,,
,Разделочная доска,500.00 руб,шт,0,,,,,,,
,Скворечник,"1,500.00 руб",шт,0,,,,,,,
,Стул,"7,000.00 руб",шт,0,,,,,,,
,Елки,,,1,,,,,,,
,Ель,"1,000.00 руб",шт,1,,,,,,,
,Подставка,700.00 руб,шт,1,,,,,,,
,Сосна,900.00 руб,шт,1,,,,,,,
,Живность,,,1,,,,,,,
,"Куры ""Хайсекс Белый""",450.00 руб,шт,1,,,,,,,
,"Куры ""Хайсекс Браун""",400.00 руб,шт,1,,,,,,,
,Зерно,,,1,,,,,,,
,Зерновая смесь для птицы,25.00 руб,кг,1,1,1,1,1,,,
,Кукуруза,19.00 руб,кг,1,1,1,,1,1,,1
,Кукуруза Размол,20.00 руб,кг,1,1,1,1,1,1,,
,"Мел 2,5 кг",150.00 руб,шт,1,1,1,1,1,1,1,
,Овес,15.00 руб,кг,1,1,1,,1,1,1,1
,Отруби,12.00 руб,кг,1,1,1,,1,1,1,1
,Просо,25.00 руб,кг,1,1,1,1,1,,,
,Пшеница,17.00 руб,кг,1,1,1,,1,1,,
,Размол зерновых,18.00 руб,кг,1,1,1,,1,1,,
,Размол зерновых №2,19.00 руб,кг,1,1,1,1,1,1,,
,Ракушка,20.00 руб,кг,1,1,1,1,1,1,,
,семечки,36.00 руб,кг,1,1,1,1,1,1,,
,Ячмень,17.00 руб,кг,1,1,1,,1,1,1,1
,Зоотовары,,,1,,,,,,,
,БРИТ для крупных пород 12 кг.,"4,084.00 руб",шт,1,,,,,,,
,Вака + для крупных попугаев 800г.,180.00 руб,шт,1,,,,,,,
,Вака + для Мел/сред. попугаев 500г.,47.00 руб,шт,1,,,,,,,
,Вака для грызунов 500г.,29.00 руб,шт,1,,,,,,,
,Вака для Мел/сред. попугаев 500г.,40.00 руб,шт,1,,,,,,,
,Вака Люкс для крупных попугаев 800г.,206.00 руб,шт,1,,,,,,,
,Вака Люкс для Мелких и средних попугаев 1000г.,138.00 руб,шт,1,,,,,,,
,Вака Люкс для средних попугаев 900г.,133.00 руб,шт,1,,,,,,,
,Вискас ПАУЧ в ас-те,22.00 руб,шт,1,,,,,,,
,Вискас ПАУЧ д/котят паштет курица 85г,22.00 руб,шт,0,,,,,,,
,Вискас ПАУЧ д/кошек желе говядина/ягненок 85г,22.00 руб,шт,0,,,,,,,
,Вискас ПАУЧ д/кошек желе с курецей 85г,22.00 руб,шт,0,,,,,,,
,Вискас ПАУЧ д/кошек желе с лососем 85г,22.00 руб,шт,0,,,,,,,
,Вискас ПАУЧ д/кошек паштет говядина/печень 85г,22.00 руб,шт,0,,,,,,,
,Вискас ПАУЧ д/кошек паштет курица/индейка 85г,22.00 руб,шт,0,,,,,,,
,Вискас ПАУЧ д/кошек рагу курица 85г,22.00 руб,шт,0,,,,,,,
,Вискас ПАУЧ д/кошек рагу курица в кремовом соусе 85г,22.00 руб,шт,0,,,,,,,
,Вискас ПАУЧ д/кошек рагу с форнелью 85г,22.00 руб,шт,0,,,,,,,
,Вискас сух.д/стерилизованых кошек 1.9кг,403.00 руб,шт,1,,,,,,,
,"Вискас сух.д/стерилизованых кошек ГОВЯДИНА 1,9кг",435.00 руб,шт,1,,,,,,,
,Вискас сух.д/стерилизованых кошек ГОВЯДИНА 350г,83.00 руб,шт,1,,,,,,,
,Вискас сух.д/стерилизованых кошек КРОЛИК 350г,83.00 руб,шт,1,,,,,,,
,Вискас сух.д/стерилизованых кошек КУРИЦА 350г,83.00 руб,шт,1,,,,,,,
,Вискас сух.д/кошек подушечки со сметаной и овощами гов/ягн/кролик 350г,75.00 руб,шт,1,,,,,,,
,Вискас сух.д/кошек подушечки/паштет говядина/ягненок/кролик 350г,75.00 руб,шт,1,,,,,,,
,"Вискас сух.д/кошек подушечки/паштет курица/утка/индейка 1,9кг.",366.00 руб,шт,1,,,,,,,
,Вискас сух.д/кошек подушечки/паштет курица/утка/индейка 350г,75.00 руб,шт,1,,,,,,,
,"Вискас сух.д/кошек подушечки/паштет лосось/тунец/креветки 1,9 кг",366.00 руб,шт,1,,,,,,,
,"Вискис сух.д/котят подушечки с молоком индейка/морковь 1,9 кг.",435.00 руб,шт,1,,,,,,,
,Вискис сух.д/котят подушечки с молоком индейка/морковь 350 г.,75.00 руб,шт,1,,,,,,,
,ДОГ ЛАНЧ кон.д/собак 760г.,95.00 руб,шт,1,,,,,,,
,Зоо няня Бентонити 5 кг,261.00 руб,шт,1,,,,,,,
,КИТИКЕТ ПАУЧ в ассортименте,19.00 руб,шт,1,,,,,,,
,КИТИКЕТ ПАУЧ д/кошек кролик в соусе 100г.,19.00 руб,шт,0,,,,,,,
,КИТИКЕТ ПАУЧ д/кошек курица в соусе 100г.,19.00 руб,шт,0,,,,,,,
,КИТИКЕТ ПАУЧ д/кошек рыба в соусе 100г.,19.00 руб,шт,0,,,,,,,
,"КИТИКЕТ сух.д/кошек ассорти 1,9кг.",280.00 руб,шт,1,,,,,,,
,КИТИКЕТ сух.д/кошек ассорти 1кг.,132.00 руб,шт,1,,,,,,,
,КИТИКЕТ сух.д/кошек ассорти 350г.,60.00 руб,шт,1,,,,,,,
,КИТИКЕТ сух.д/кошек ассорти 400г.,57.00 руб,шт,1,,,,,,,
,КИТИКЕТ сух.д/кошек ассорти 800г.,106.00 руб,шт,1,,,,,,,
,"КИТИКЕТ сух.д/кошек в ассортименте 2,2кг",275.00 руб,шт,1,,,,,,,
,"КУЗЯ наполнитель для котят впитывающий 4,5л 2,8кг",74.00 руб,шт,1,,,,,,,
,"КУЗЯ наполнитель для кошек впитывающий 4,5л 2,8кг",74.00 руб,шт,1,,,,,,,
,"Натуралист древесный 7л.2,5 кг.",74.00 руб,шт,1,,,,,,,
,НМ для взрослых кошек в асс.400г.,75.00 руб,шт,1,,,,,,,
,НМ для взрослых собак 500г,75.00 руб,шт,1,,,,,,,
,НМ для взрослых собак крупных пород 3кг,386.00 руб,шт,1,,,,,,,
,НМ для взрослых собак мелких пород 500г,71.00 руб,шт,1,,,,,,,
,НМ для взрослых собак средних пород 500г,71.00 руб,шт,1,,,,,,,
,НМ для котят в асс.400г.,75.00 руб,шт,1,,,,,,,
,НМ для кошек в асс.2кг.,395.00 руб,шт,1,,,,,,,
,НМ для привередливых кошек в асс.400г.,75.00 руб,шт,1,,,,,,,
,НМ для стерилизованных кошек в асс.400г.,67.00 руб,шт,1,,,,,,,
,НМ для щенков кр. пород 500г,81.00 руб,шт,1,,,,,,,
,НМ для щенков ср. и мелк. пород 500г,79.00 руб,шт,1,,,,,,,
,Ошейник брезент двойной 45,260.00 руб,шт,1,,,,,,,
,Ошейник брезент одинарный 45,187.00 руб,шт,1,,,,,,,
,ПЕДИГРИ сух.д/собак всех пород говядина 13 кг.,"1,550.00 руб",шт,1,,,,,,,
,ПЕДИГРИ сух.д/собак всех пород говядина 600 кг.,86.00 руб,шт,1,,,,,,,
,ПЕДИГРИ сух.д/собак крупных пород говядина 13 кг.,"1,664.00 руб",шт,1,,,,,,,
,ПЕДИГРИ сух.д/собак малых пород 600 кг.,110.00 руб,шт,1,,,,,,,
,"ПЕДИГРИ сух.д/собак миниатюрных пород говядина 1,2кг.",212.00 руб,шт,1,,,,,,,
,ПЕДИГРИ сух.д/собак миниатюрных пород говядина 190г.,50.00 руб,шт,1,,,,,,,
,"ПЕДИГРИ сух.д/собак миниатюрных пород курица 1,2кг.",212.00 руб,шт,1,,,,,,,
,ПЕДИГРИ сух.д/собак миниатюрных пород курица 190г.,50.00 руб,шт,1,,,,,,,
,ПЕДИГРИ сух.д/собак миниатюрных пород 600 кг.,140.00 руб,шт,1,,,,,,,
,ПЕДИГРИ сух.д/собак щенки 600 кг.,94.00 руб,шт,1,,,,,,,
,Про План д/стерильных кошек 400г.,260.00 руб,шт,1,,,,,,,
,"ПУСИ КЭТ Наполнитель впитывающий 4,5л.2,8кг голубой",84.00 руб,шт,1,,,,,,,
,"ПУСИ КЭТ Наполнитель древесный 4,5л.2,6кг",84.00 руб,шт,1,,,,,,,
,"ПУСИ КЭТ Наполнитель комкующийся 4,5л.3,4кг",94.00 руб,шт,1,,,,,,,
,"ПУСИ КЭТ океанический наполнитель впитывающий 4,5л.2,8кг зеленый",84.00 руб,шт,1,,,,,,,
,РИО  волнистые попугаи линька 500г,79.00 руб,шт,1,,,,,,,
,РИО  волнистые попугаи осногвной 500г,72.00 руб,шт,1,,,,,,,
,РИО  канарейка 500г,93.00 руб,шт,1,,,,,,,
,РИО  средние попугаи линька 500г,89.00 руб,шт,1,,,,,,,
,РИО  средние попугаи осногвной 500г,81.00 руб,шт,1,,,,,,,
,Робинзон для мелких попугаев 500г.,71.00 руб,шт,1,,,,,,,
,Рольф Клуб 3Д Капли для кошек от блох клещей до 4кг,260.00 руб,шт,1,,,,,,,
,Рольф Клуб 3Д Капли для кошек от блох клещей от 4кг,294.00 руб,шт,1,,,,,,,
,Рольф Клуб 3Д Капли для собак от блох клещей 10-20 кг,355.00 руб,шт,1,,,,,,,
,Рольф Клуб 3Д Капли для собак от блох клещей 20-40 кг,393.00 руб,шт,1,,,,,,,
,Рольф Клуб 3Д Капли для собак от блох клещей 4-10кг,294.00 руб,шт,1,,,,,,,
,Рольф Клуб 3Д Капли для собак от блох клещей 40-60 кг,459.00 руб,шт,1,,,,,,,
,Рольф Клуб 3Д Капли для собак от блох клещей до 4кг,260.00 руб,шт,1,,,,,,,
,Рольф Клуб 3Д Ошейник от клещей (кошки/щенки),313.00 руб,шт,1,,,,,,,
,Рольф Клуб 3Д Ошейник от клещей для собак,358.00 руб,шт,1,,,,,,,
,Рольф Клуб 3Д Ошейник от клещей для собак кр/пород,398.00 руб,шт,1,,,,,,,
,РОЯЛ КАНИН для крупных пород. 15 кг.,"4,873.00 руб",шт,1,,,,,,,
,"Серия 44 капли на холку 2*0,5/0,75/1мл.",143.00 руб,шт,1,,,,,,,
,Серия 44 капли на холку 3*1 мл.,165.00 руб,шт,1,,,,,,,
,Сильвер для средних попугаев 500г.,71.00 руб,шт,1,,,,,,,
,Счастливые лапкинаполнитель древесный 16л.,158.00 руб,шт,1,,,,,,,
,Терра Кот  в/у для взрослых кошек 85г.,16.00 руб,шт,1,,,,,,,
,Терра Кот для взрослых кошек 2кг.,248.00 руб,шт,1,,,,,,,
,Терра Кот для взрослых кошек 400г.,56.00 руб,шт,1,,,,,,,
,"Терра Пес для взрослых собак мел. и.сред.пород 2,4кг.",251.00 руб,шт,1,,,,,,,
,Тушенка для собак 340г.,65.00 руб,шт,1,,,,,,,
,Фаворит Для активных пород собак 13 кг,"1,400.00 руб",шт,1,,,,,,,
,Фаворит Для взрослыхт собак всех пород 13 кг,"1,250.00 руб",шт,1,,,,,,,
,Фаворит Для кошек 4 кг,432.00 руб,шт,1,,,,,,,
,"ФРЕШ СТЕП наполнитель тройной контроль запохов 3,2кг",417.00 руб,шт,1,,,,,,,
,"Фрискис 1,5 кг.",278.00 руб,шт,1,,,,,,,
,Фрискис 2 кг.,278.00 руб,шт,1,,,,,,,
,Фрискис 600 г.,144.00 руб,шт,1,,,,,,,
,ЦЕЗАРЬ ПАУЧ д/собак курица с зелеными овощами 100г,33.00 руб,шт,1,,,,,,,
,ЧАППИ кон. Мясное изобилие 400г..,75.00 руб,шт,1,,,,,,,
,ЧАППИ сух.д/собак говядина 15кг.,"1,250.00 руб",шт,1,,,,,,,
,ЧАППИ сух.д/собак мясное изобилие 600г.,60.00 руб,шт,1,,,,,,,
,ШЕБА ПАУЧ д/кошек говядина ягненак 85г.,35.00 руб,шт,1,,,,,,,
,ШЕБА ПАУЧ д/кошек курица/индейка 85г.,35.00 руб,шт,1,,,,,,,
,ШЕБА ПАУЧ д/кошек форель/креветки 85г.,35.00 руб,шт,1,,,,,,,
,Клетки,,,1,,,,,,,
,Лампа ИКЗК 220-250 красная,250.00 руб,шт,1,1,1,1,1,,,
,Брудер 44х96х50 новой модификации собранный,"6,409.00 руб",шт,1,1,1,1,1,,,
,"Клетка для бройлеров ""ПРОФЕССИОНАЛ 1-7""","3,465.00 руб",шт,1,1,,,,,,
,"Клетка для бройлеров ""ПРОФЕССИОНАЛ 2-7""","6,630.00 руб",шт,1,1,,,,,,
,"Клетка для кур-несушек ""ПРОФЕССИОНАЛ 1-7""","3,868.00 руб",шт,1,1,,,,,,
,"Клетка для кур-несушек ""ПРОФЕССИОНАЛ 1-7"" на колесах","4,358.00 руб",шт,1,1,,,,,,
,"Клетка для перепелов ""Профессионал"" на 20 голов","2,542.00 руб",шт,1,,,1,,,,
,"Клетка для перепелов ""Профессионал"" на 50 голов","4,420.00 руб",шт,1,,,1,,,,
,"Клетка для перепелов ""ПРОФЕССИОНАЛ+"" на 100голов","8,840.00 руб",шт,1,,,1,,,,
,"Клетка для перепелов ""Профессионал+"" на 30 голов","3,045.00 руб",шт,1,,,1,,,,
,"Клетка для перепелов ""Профессионал+"" на 50 голов","4,420.00 руб",шт,1,,,1,,,,
,"Клетка для перепелов ""Профессионал+"" на 50 голов на колесах","4,973.00 руб",шт,1,,,1,,,,
,Клеточная батарея для кроликов 2-1,"6,077.00 руб",шт,1,,,,,,,1
,Лоток на 88 куриных,618.00 руб,шт,1,1,,,,,,
,Комбикорм,,,1,,,,,,,
,Ижевск ПК1 несушек 48 недель,20.00 руб,шт,1,1,,,,,,
,К-58 ГР ПЗ для откорма свин. до жирн. конд.,16.00 руб,кг,1,,,,,1,,
,К-58 для откорма свиней специальный,18.00 руб,кг,1,,,,,1,,
,К-58 КР для откорма свиней до жирн. конд.,21.00 руб,кг,1,,,,,1,,
,К-60 для коров специальный,18.00 руб,кг,1,,,,,,1,
,К-65 для откорма КРС,20.00 руб,кг,1,,,,,,1,
,КК-111 Комбикорм-концетрат для рыбы,29.00 руб,кг,1,,,,,,,
,Курск Для взрослых кроликов,17.00 руб,шт,1,,,,,,,1
,Курск Для откорма Свиней,17.00 руб,кг,1,,,,,1,,
,Курск несушек 48 недель,19.00 руб,шт,1,1,,,,,,
,Отруби пшеничные кормовые,13.00 руб,кг,1,1,1,,1,1,1,
,ПЗК-91 для кроликов,20.00 руб,кг,1,,,,,,,1
,ПК-1 П для перепелов 7 недель и старше,30.00 руб,кг,1,,,1,,,,
,ПК-1/2 для кур несушек 48 нед. и старше,24.00 руб,кг,1,1,,,,,,
,ПК-1/2 для кур специальный ЕРШ,18.00 руб,кг,1,1,,,,,,
,ПК-1/2 ПЗ для кур несушек 48 нед. и старше,16.00 руб,кг,1,1,,,,,,
,ПК-10 для взрослых индеек,25.00 руб,кг,1,,,,1,,,
,ПК-2 для молод. Кур 1-7 нед по заказу,39.00 руб,кг,1,1,,,,,,
,ПК-30 для гусей родительского стада,29.00 руб,кг,1,,1,,,,,
,ПК-4 для молод кур 14-17 нед.,25.00 руб,кг,1,,,,,,,
,ПК-5 для бройлеров 1-4 нед,39.00 руб,кг,1,1,1,1,1,,,
,ПК-6 для бройлеров 5 нед и старше,37.00 руб,кг,1,1,,,,,,
,СК Смесь кормовая,17.00 руб,кг,1,1,1,,1,1,1,1
,Кормушки,,,1,,,,,,,
,Бункерная кормушка для кроликов-гигантов( бол),600.00 руб,шт,1,,,,,,,1
,Бункерная кормушка из оцинковки для кроликов 1 кг,336.00 руб,шт,1,,,,,,,1
,Бункерная кормушка из оцинковки для кроликов 3 кг,417.00 руб,шт,1,1,1,1,1,,,1
,Бункерная кормушка из оцинковки на 10 л,476.00 руб,шт,1,1,1,1,1,,,
,Бункерная кормушка оцинкованная на 25 л,807.00 руб,шт,1,1,1,1,1,,,
,Навесная кормушка  для перепелов 89 см,332.00 руб,шт,1,,,1,,,,
,Навесная кормушка для кур 44 см,321.00 руб,шт,1,1,1,,1,,,
,Навесная кормушка для кур 80 см,387.00 руб,шт,1,1,1,,1,,,
,Автопоилка для молодняка птиц,238.00 руб,шт,1,1,,,,,,
,Бак для воды,960.00 руб,шт,1,1,,,,,,
,Инфракрасный нагреватель,714.00 руб,шт,1,1,1,1,1,,,
,Кормушка бункерная для цыплят 1 л,179.00 руб,шт,1,1,1,,1,,,
,Кормушка бункерная для цыплят 3 кг,227.00 руб,шт,1,1,1,,1,,,
,Кормушка бункерная прозрачная для кур 10 л,580.00 руб,шт,1,1,1,,1,,,
,Кормушка бункерная с крышкой 6кг. для кур (КБ-6),445.00 руб,шт,1,1,1,,1,,,
,Кормушка под банку,119.00 руб,шт,1,1,1,,1,,,
,Кормушка/поилка лотковая 50см для цыплят (КЖ-50),250.00 руб,шт,1,1,1,1,1,,,
,Ниппелная поилка ПКН-6 для взрослого поголовья птиц,30.00 руб,шт,1,1,,1,1,,,
,Ниппель ПКН-6/360 для бройлеров и перепелов,40.00 руб,шт,1,1,,1,1,,,
,Овоскоп,595.00 руб,шт,1,1,1,1,1,,,
,Поилка вакуумная на 10 литров,548.00 руб,шт,1,1,1,,1,,,
,Поилка вакуумная на 3 литра,262.00 руб,шт,1,1,1,,1,,,
,Поилка вакуумная на 5 литров,346.00 руб,шт,1,1,1,,1,,,
,"Поилка вакуумная на 7,5 литров",417.00 руб,шт,1,1,1,,1,,,
,Поилка двойная с креплением и каплеулавливателем ПКНК-24/360,100.00 руб,шт,1,1,,,1,,,
,Поилка для кроликов ПКН-10 в комплекте с крепление,54.00 руб,шт,1,,,,,,,1
,Поилка для цыплят 1.5 л,179.00 руб,шт,1,1,,,1,,,
,"Поилка микрочашечная ПМЧ-10 для перепелов, тройник,крепеж отдельно",54.00 руб,шт,1,,,1,,,,
,Поилка ниппельная ПСН-33 для свиней,179.00 руб,шт,1,,,,,1,,
,Поилка ПЖН-8/360 с креплением,54.00 руб,шт,1,1,,,1,,,
,Поилка ПКН-7 для кроликов с резьбой и гайкой,47.00 руб,шт,1,,,,,,,1
,Поилка ПКН-9 для кроликов с креплением,58.00 руб,шт,1,,,,,,,
,Поилка ПКНК-12/360 оснащена креплением под круглую трубу 25 мм,80.00 руб,шт,1,1,,1,1,,,
,Поилка ПКНК-14/360 с креплением и каплеулавливател,85.00 руб,шт,1,1,,1,1,,,
,"Поилка ПКНС-8 с наружным креплением на сетку, под",47.00 руб,шт,1,,,,,,,
,Поилка под бутылку,381.00 руб,шт,1,,,,,,,
,Тройник белый 8 мм,23.00 руб,шт,1,1,,1,1,,,1
,Тройник красный 10 мм,34.00 руб,шт,1,1,,1,1,,,1
,Шланг для ниппельного поения 10мм,39.00 руб,м,1,1,,1,1,,,1
,Шланг для ниппельного поения 8мм,40.00 руб,м,1,1,,1,1,,,1
,Штуцер диаметром 10 мм,40.00 руб,шт,1,1,,1,1,,,1
,Примексы,,,1,,,,,,,
,БВМД для кур-несушек и другой домашней птицы 500 гр,76.00 руб,шт,1,1,1,1,1,,,
,БВМД для свиней 300 гр,61.00 руб,шт,1,,,,,1,,
,Белковая  кормосмесь (500г) (аналог кормовых дрожжей),69.00 руб,шт,1,1,1,1,1,1,,
,Белковая  кормосмесь 2кг (аналог кормовых дрожжей),251.00 руб,шт,1,1,1,1,1,1,,
,Вазелин 200г  (банка),65.00 руб,шт,1,,,,,,1,
,Готовый корм для перепелов (2 кг) Б.,190.00 руб,шт,1,,,1,,,,
,Готовый корм для цыплят (2 кг) Б.,180.00 руб,шт,1,1,,,,,,
,"Кормовой антибиотик для всех видов животных и птиц ""Биовит-80"" 450 гр",154.00 руб,шт,1,1,1,1,1,1,1,1
,"Крем для доения ""Денница"" (200гр.) банка",81.00 руб,шт,1,,,,,,1,
,"Крем для доения ""Денница"" (500гр.)",147.00 руб,шт,1,,,,,,1,
,"Крем для доения ""Зорька"" 200 гр.",137.00 руб,шт,1,,,,,,1,
,"Крем для доения ""Ночка"" банка 200г.",115.00 руб,шт,1,,,,,,1,
,"Крем для доения Ночка, банка 750г",335.00 руб,шт,1,,,,,,1,
,Крем Любава 250мл. с ионами серебра .,175.00 руб,шт,1,,,,,,1,
,Лимисол-Ф (брикет 5кг),230.00 руб,шт,1,,,,,,1,
,"Мел кормовой 2,5 кг ДС",103.00 руб,шт,1,1,1,1,1,1,1,
,"Минеральный комплекс для домашней птицы 1,6 кг ДС",137.00 руб,шт,1,1,1,1,1,,,
,Минеральный комплекс для домашней птицы 500 гр ДС,52.00 руб,шт,1,1,1,1,1,,,
,Мясокостная мука 2 кг,272.00 руб,шт,1,1,1,1,1,1,,
,Мясокостная мука 400 гр,75.00 руб,шт,1,1,1,1,1,1,,
,"Премикс ""РАСКЛЕВУ-БОЙ!!!"" 500г Б (против расклева яиц и канибализ. у птиц) спец состав",205.00 руб,шт,1,1,1,1,1,,,
,Премикс для бройлеров 150 гр,58.00 руб,шт,1,1,,,,,,
,Премикс для голубей (500 гр.) Б,129.00 руб,шт,1,1,,,,,,
,Премикс для домашней птицы йодированный (500г) Б,111.00 руб,шт,1,1,1,1,1,,,
,Премикс для коз и овец 200 гр.,51.00 руб,шт,1,,,,,,1,
,Премикс для кроликов и нутрий 200г ДС,56.00 руб,шт,1,,,,,,,1
,"Премикс для кур-несушек и другой дом. птицы ""Совершенная Формула"" 150 гр.",78.00 руб,шт,1,1,1,1,1,,,
,Премикс для кур-несушек и другой домашней птицы 150 гр.,46.00 руб,шт,1,1,1,1,1,,,
,Премикс для кур-несушек и другой домашней птицы 30,84.00 руб,шт,1,1,1,1,1,,,
,Премикс для кур-несушек и другой птицы  (500 гр) Б,91.00 руб,шт,1,1,1,1,1,,,
,Премикс для молочных коров (500 гр) Б.,82.00 руб,шт,1,,,,,,1,
,Премикс для молочных коров 150 гр.,57.00 руб,шт,1,,,,,,1,
,Премикс для молочных коров 300 гр,104.00 руб,шт,1,,,,,,1,
,Премикс для молочных поросят 300 гр.,80.00 руб,шт,1,,,,,1,,
,Премикс для поросят (500 г) Б.,94.00 руб,шт,1,,,,,1,,
,Премикс для профилактики птичьего гриппа 500г,130.00 руб,шт,1,1,1,1,1,,,
,Премикс для свиней (500 гр) Б.,85.00 руб,шт,1,,,,,1,,
,Премикс для свиней на откорме 150 гр,47.00 руб,шт,1,,,,,1,,
,Премикс для свиней на откорме 300 гр,71.00 руб,шт,1,,,,,1,,
,Премикс для свиноматок 150 гр.,44.00 руб,шт,1,,,,,1,,
,Премикс для телят (500 гр) Б.,92.00 руб,шт,1,,,,,,1,
,Премикс для телят 300 гр,80.00 руб,шт,1,,,,,,1,
,"Премикс для улучшения качества скорлупы  ""Скорлуп-Ca"" 500г",85.00 руб,шт,1,1,1,1,1,,,
,"Премикс для цыплят, утят, гусят, индюшат (500 гр) Б.",113.00 руб,шт,1,1,1,1,1,,,
,"Премикс для цыплят,утят,индюшат.150гр.",58.00 руб,шт,1,,,,,1,,
,Премикс противоглист. профилакт.  для свиней (Альбазол-С) 300 г,79.00 руб,шт,1,,,,,,,
,Прикормка для рыб универсальная 1 кг,105.00 руб,шт,1,,,,,,,
,"Примекс для кур ""Антистрес"" Доб-ка",113.00 руб,шт,1,1,1,,1,,,
,Ракушка калиброванная 1кг,47.00 руб,шт,1,1,1,1,1,,,
,Ракушка калиброванная 4кг.,136.00 руб,шт,1,1,1,1,1,,,
,Рыбий жир 100мл ДС,73.00 руб,шт,1,,,,,1,,
,Рыбная мука 2 кг,507.00 руб,шт,1,1,1,1,1,1,,
,Рыбная мука 300 гр,85.00 руб,шт,1,1,1,1,1,1,,
,"Сера кормовая  ""Рацион"" 300 гр.",54.00 руб,шт,1,1,1,1,1,1,1,
,Соль поваренная кормовая йод (брикет 5кг),195.00 руб,шт,1,,,,,,1,
,"Травяная мука 1,5кг",185.00 руб,шт,1,,1,,,1,1,1
,"Цеолитовый природный комплекс  для всех видов с/х животных 1,3 кг",133.00 руб,шт,1,1,1,1,1,1,1,1
,Цеолитовый природный комплекс  для домашней птицы 500 гр,57.00 руб,шт,1,1,1,1,1,,,
,"Цеолитовый природный комплекс  для свиней 1,3 кг",123.00 руб,шт,1,,,,,1,,
,"Шрот подсолнечный 1,6 кг.",190.00 руб,шт,1,1,1,,1,1,,
,Рассада,,,1,,,,,,,
,"Баклажан ""Алмаз""",50.00 руб,шт,1,,,,,,,
,Бархатцы,50.00 руб,шт,1,,,,,,,
,Виола,60.00 руб,шт,1,,,,,,,
,Герань,650.00 руб,шт,1,,,,,,,
,"Кабачки ""Искандер""",50.00 руб,шт,1,,,,,,,
,Капуста поздняя,50.00 руб,шт,1,,,,,,,
,Капуста раняя,50.00 руб,шт,1,,,,,,,
,Кашпо,250.00 руб,шт,1,,,,,,,
,"Огурец ""Герман""",50.00 руб,шт,1,,,,,,,
,"Пекинская капуста ""Любимая""",50.00 руб,шт,1,,,,,,,
,"Перец ""Белозерка""",50.00 руб,шт,1,,,,,,,
,"Перец ""Виннипух""",50.00 руб,шт,1,,,,,,,
,Перец острый,50.00 руб,шт,1,,,,,,,
,Петунья,60.00 руб,шт,1,,,,,,,
,"Тамат ""Джина""",50.00 руб,шт,1,,,,,,,
,"Томат ""Бычье сердце""",50.00 руб,шт,1,,,,,,,
,"Томат ""Де барао""",50.00 руб,шт,1,,,,,,,
,"Томат ""Новичок""",50.00 руб,шт,1,,,,,,,
,"Томат ""Челнок""",50.00 руб,шт,1,,,,,,,
,Фейерверки,,,1,,,,,,,
,12 месецев,"2,862.00 руб",шт,1,,,,,,,
,Адреналин,563.00 руб,шт,1,,,,,,,
,Арабская ночь,91.00 руб,шт,1,,,,,,,
,"Ассорти ""железная стрекоза""",434.00 руб,шт,1,,,,,,,
,"Бенг. Свечи ""Елочка"" (фигурная)",81.00 руб,шт,1,,,,,,,
,"Бенг. Свечи ""звездочка"" (фигурная)",67.00 руб,шт,1,,,,,,,
,"Бенг. Свечи 170 ""Экстра""",24.00 руб,шт,1,,,,,,,
,"Бенг. Свечи 210 ""Спектр"" (разноцв.)",44.00 руб,шт,1,,,,,,,
,"Бенг. Свечи 210 ""Экстра"" (толстая)",29.00 руб,шт,1,,,,,,,
,Бенг. Свечи 350 прямоугольные,164.00 руб,шт,1,,,,,,,
,Бенг. Свечи 400 прямоугольные,398.00 руб,шт,1,,,,,,,
,Бенг. Свечи 600 прямоугольные,275.00 руб,шт,1,,,,,,,
,Бенефис,"4,160.00 руб",шт,1,,,,,,,
,Бинго,553.00 руб,шт,1,,,,,,,
,Бубль-гум,"1,928.00 руб",шт,1,,,,,,,
,Вася-василек,258.00 руб,шт,1,,,,,,,
,Веселый пиротехник,675.00 руб,шт,1,,,,,,,
,Волшебные стрелы,"1,785.00 руб",шт,1,,,,,,,
,Госпожа метелица,"3,815.00 руб",шт,1,,,,,,,
,Дикие пчелы (летающая вертушка),135.00 руб,шт,1,,,,,,,
,ЗД.Медный всадник,"3,400.00 руб",шт,1,,,,,,,
,Зимняя ночь,"2,520.00 руб",шт,1,,,,,,,
,Золотая рыбка,733.00 руб,шт,1,,,,,,,
,Изуумрудный город,"16,500.00 руб",шт,1,,,,,,,
,Капитошка,"1,920.00 руб",шт,1,,,,,,,
,Корсар-1,68.00 руб,шт,1,,,,,,,
,Корсар-3,44.00 руб,шт,1,,,,,,,
,Корсар-4,114.00 руб,шт,1,,,,,,,
,Лимонка (с чекой),55.00 руб,шт,1,,,,,,,
,Лукоморье,"1,767.00 руб",шт,1,,,,,,,
,Лунный цветок,36.00 руб,шт,1,,,,,,,
,Малиновый звон,322.00 руб,шт,1,,,,,,,
,Мальчишник,"2,016.00 руб",шт,1,,,,,,,
,Маугли,800.00 руб,шт,1,,,,,,,
,Метелица,157.00 руб,шт,1,,,,,,,
,Мистер Х,739.00 руб,шт,1,,,,,,,
,Мулен руж,593.00 руб,шт,1,,,,,,,
,На счастье,"2,079.00 руб",шт,1,,,,,,,
,Нано-салют,563.00 руб,шт,1,,,,,,,
,Настольный фонтан,200.00 руб,шт,1,,,,,,,
,Не тормози,"1,198.00 руб",шт,1,,,,,,,
,"Неб. Фонарики форма ""Сердце""",148.00 руб,шт,1,,,,,,,
,Неваляшка,999.00 руб,шт,1,,,,,,,
,Новогоднее приключение,"8,554.00 руб",шт,1,,,,,,,
,Огненые пчелы,80.00 руб,шт,1,,,,,,,
,Павлин,"2,360.00 руб",шт,1,,,,,,,
,Перчинка,543.00 руб,шт,1,,,,,,,
,пневмохлопушка праздничная 30 см (цветн. бум. конфети),151.00 руб,шт,1,,,,,,,
,пневмохлопушка праздничная 30 см (цветн.металл. конфети),199.00 руб,шт,1,,,,,,,
,пневмохлопушка Свадебная 30 см (конф. сердце),173.00 руб,шт,1,,,,,,,
,Полуночник,"4,530.00 руб",шт,1,,,,,,,
,Пугач,78.00 руб,шт,1,,,,,,,
,Пять звезд,"2,500.00 руб",шт,1,,,,,,,
,Радость общения,"3,180.00 руб",шт,1,,,,,,,
,Разгуляй,"14,813.00 руб",шт,1,,,,,,,
,Русский сувенир,"2,310.00 руб",шт,1,,,,,,,
,Салют молодежи,"5,375.00 руб",шт,1,,,,,,,
,Северное сияние,"1,700.00 руб",шт,1,,,,,,,
,Смайлики,127.00 руб,шт,1,,,,,,,
,СМС-ка,964.00 руб,шт,1,,,,,,,
,Снеговик,858.00 руб,шт,1,,,,,,,
,Снеговой,802.00 руб,шт,1,,,,,,,
,Снегурочка,"3,374.00 руб",шт,1,,,,,,,
,Снежная сказка,"3,374.00 руб",шт,1,,,,,,,
,Сорвиголова,"1,667.00 руб",шт,1,,,,,,,
,Страна чудес,"20,438.00 руб",шт,1,,,,,,,
,Только ты,"4,160.00 руб",шт,1,,,,,,,
,Тропикана,"2,560.00 руб",шт,1,,,,,,,
,Убойная сила (3 эффекта),53.00 руб,шт,1,,,,,,,
,Удалой,"5,292.00 руб",шт,1,,,,,,,
,Хлопающие шары,72.00 руб,шт,1,,,,,,,
,Хлопушка,79.00 руб,шт,1,,,,,,,
,"Хлопушка ""Супер с серпантином""",119.00 руб,шт,1,,,,,,,
,"Хлопушка ""Супер""",88.00 руб,шт,1,,,,,,,
,Цветущая сакура,"2,520.00 руб",шт,1,,,,,,,
,Час пик,"2,209.00 руб",шт,1,,,,,,,
,Чудо-юдо,478.00 руб,шт,1,,,,,,,
,Шаляй-валяй,"3,840.00 руб",шт,1,,,,,,,
,Ястреб,576.00 руб,шт,1,,,,,,,
,Средства защиты,,,1,,,,,,,
,"Родентицидная прим ""Крысиная смерть № 1""  (100гр.)",72.00 руб,шт,1,,,,,,,
,"Родентицидная прим ""Крысиная смерть № 1""  (200гр.)",120.00 руб,шт,1,,,,,,,
,"Родентицидная приманка ""ЩЕЛКУНЧИК"" 0,1кг",58.00 руб,шт,1,,,,,,,
,"Родентицидная приманка ""ЩЕЛКУНЧИК"" 0.2кг",100.00 руб,шт,1,,,,,,,
,"Серная дымовая шашка ""Климат"" 300г.",91.00 руб,шт,1,,,,,,,
,Циперол 170мл аэрозоль,322.00 руб,шт,1,,,,,,,
,Энтомозан-Супер амп. 2мл,76.00 руб,шт,1,,,,,,,
,"ОКСАРЕП (0,5л)",553.00 руб,шт,1,,,,,,,
,Ловушка Mr.Mouse механ. от мышей (дерево),43.00 руб,шт,1,,,,,,,
,"Инсекто-акарицидная шашка Вихрь (0,1)",455.00 руб,шт,1,,,,,,,
,Йодная шашка Диксам (3 табл.),284.00 руб,шт,1,,,,,,,
,Клей ALT (130мл.),255.00 руб,шт,1,,,,,,,
,Клей EG euroguard для отлова грызунов 135 г.,219.00 руб,шт,1,,,,,,,
,Клей Mr.Mouse от грызунов и насекомых 135г/60,197.00 руб,шт,1,,,,,,,
,Крысоловка (метал.),73.00 руб,шт,1,,,,,,,
,БойКот гранулы 100г. Арахис и Шоколад,30.00 руб,шт,1,,,,,,,
,БойКот зерно 150 г. Жареное  мясо,30.00 руб,шт,1,,,,,,,
,БойКот мягкий брикет К_С Подсолнух 100г,58.00 руб,шт,1,,,,,,,
,Аксамит-нео 500мл с распылителем,501.00 руб,шт,1,,,,,,,
,Инкубаторы,,,1,,,,,,,
,Инкубатор АИ -264К/96Г/189У/663,"27,984.00 руб",шт,1,1,1,1,1,,,
,Инкубатор АИ-48Э,"9,282.00 руб",шт,1,1,1,1,1,,,
